 lga_code, lga_name,year, homeless_f_0_9, at_risk_f_0_9, homeless_m_0_9, at_risk_m_0_9, homeless_f_10_19, at_risk_f_10_19, homeless_m_10_19, at_risk_m_10_19, homeless_f_20_29, at_risk_f_20_29, homeless_m_20_29, at_risk_m_20_29, homeless_f_30_39, at_risk_f_30_39, homeless_m_30_39, at_risk_m_30_39, homeless_f_40_49, at_risk_f_40_49, homeless_m_40_49, at_risk_m_40_49, homeless_f_50_59, at_risk_f_50_59, homeless_m_50_59, at_risk_m_50_59, homeless_f_60_plus, at_risk_f_60_plus, homeless_m_60_plus, at_risk_m_60_plus,unknown_f,unknown_m
10050,Albury,2018,16,11,15,15,52,19,32,23,40,43,45,17,25,48,44,18,24,32,39,23,8,14,24,13,0,14,0,6,5,8
10130,Armidale Regional,2018,17,27,21,25,33,46,27,40,48,40,19,15,20,42,13,23,16,26,16,18,8,5,5,11,0,3,0,6,2,2
10250,Ballina,2018,36,51,23,64,27,52,31,36,48,55,19,11,21,46,22,15,23,39,27,21,15,26,19,15,4,9,7,6,7,4
10300,Balranald,2018,0,0,0,0,0,0,0,0,0,0,0,0,0,0,0,0,0,0,0,0,0,0,0,0,0,0,0,0,14,3
10470,Bathurst Regional,2018,57,58,44,71,67,60,49,47,60,50,47,26,31,33,46,25,26,33,34,18,11,9,25,12,8,6,6,14,1,3
10500,Bayside,2018,15,29,27,40,16,47,15,42,21,37,14,15,25,55,4,15,22,60,6,15,10,23,9,14,5,13,4,7,4,2
10550,Bega Valley,2018,18,6,19,12,23,24,16,17,23,16,21,10,21,20,15,5,7,8,15,3,11,0,7,0,3,6,0,10,5,5
10600,Bellingen,2018,0,0,0,0,0,5,0,4,4,9,3,3,0,5,0,3,4,5,0,0,0,0,0,0,0,0,0,0,13,11
10650,Berrigan,2018,3,0,0,0,0,0,0,3,3,6,0,0,3,3,0,0,3,0,0,3,0,0,0,0,0,0,0,0,7,10
10750,Blacktown,2018,102,116,125,139,171,172,111,172,169,198,83,76,97,187,42,32,54,133,34,45,16,48,20,24,9,22,6,18,2,1
10800,Bland,2018,0,4,0,7,3,3,0,5,0,0,0,0,0,5,0,0,0,0,0,0,0,0,0,0,0,0,0,0,7,7
10850,Blayney,2018,0,0,3,0,3,0,0,0,0,0,0,0,0,0,0,0,0,0,0,0,0,0,0,0,0,0,0,0,16,10
10900,Blue Mountains,2018,10,17,9,13,29,57,19,38,20,38,9,21,16,43,4,5,13,49,17,9,11,23,5,7,3,14,0,8,0,3
10950,Bogan,2018,4,4,7,5,3,3,0,0,0,3,0,0,0,0,0,0,0,0,0,3,0,0,0,0,0,0,0,0,9,13
11150,Bourke,2018,14,18,9,27,11,18,6,14,11,21,6,9,8,9,5,5,14,11,4,0,0,8,4,5,0,6,0,4,3,4
11200,Brewarrina,2018,7,17,7,16,9,11,0,7,12,9,0,0,10,8,8,0,4,7,4,3,0,0,0,4,0,0,0,4,4,8
11250,Broken Hill,2018,17,8,18,19,41,10,26,16,26,20,31,7,24,19,12,7,9,11,14,16,6,7,9,4,0,3,5,4,4,1
11300,Burwood,2018,6,5,12,10,11,3,9,12,11,5,5,3,6,8,10,0,5,4,8,4,5,4,7,0,0,0,0,0,5,6
11350,Byron,2018,0,7,6,8,5,13,18,13,6,13,10,4,6,14,10,5,13,16,19,5,14,7,12,5,5,10,9,4,7,4
11400,Cabonne,2018,4,4,0,0,4,0,0,6,4,0,0,0,0,0,0,0,0,3,0,0,0,0,0,0,0,0,0,0,16,12
11450,Camden,2018,11,27,18,27,10,22,12,22,15,14,6,4,11,15,4,3,4,11,3,4,0,3,3,0,0,0,0,0,4,5
11500,Campbelltown,2018,109,197,118,174,108,205,91,156,131,156,68,51,71,144,56,38,45,100,36,28,13,40,24,14,9,25,13,8,0,4
11520,Canada Bay,2018,5,8,6,6,10,19,10,16,5,9,13,11,5,15,6,3,10,16,3,0,3,8,0,4,0,7,0,5,4,6
11570,Canterbury-Bankstown,2018,74,152,93,171,84,172,56,113,86,115,29,47,60,167,34,30,57,91,29,40,11,33,26,38,4,20,8,49,2,3
11600,Carrathool,2018,0,5,0,0,0,5,0,4,0,3,0,0,0,0,0,0,0,0,0,0,0,0,0,0,0,0,0,0,10,4
11650,Central Coast,2018,108,165,135,150,150,207,109,153,163,143,73,44,120,172,74,34,66,142,86,74,41,86,34,63,7,60,24,35,3,8
11700,Central Darling,2018,0,4,3,8,3,12,3,0,0,7,0,3,4,6,0,0,0,8,0,0,0,7,0,0,0,0,0,0,7,3
11720,Cessnock,2018,4,17,0,15,29,34,15,31,42,55,10,10,28,33,12,10,12,23,21,11,8,9,4,0,0,0,0,0,6,7
11730,Clarence Valley,2018,54,56,58,77,69,48,36,43,52,61,30,13,36,65,28,20,30,49,27,11,14,27,15,15,9,17,8,4,1,3
11750,Cobar,2018,5,8,5,8,9,0,6,7,4,13,3,5,3,4,4,0,0,6,0,0,4,3,0,0,0,0,0,3,6,8
11800,Coffs Harbour,2018,45,66,50,45,75,74,71,61,69,103,50,45,45,107,39,36,30,84,35,24,13,38,24,16,9,20,8,6,0,2
12000,Coolamon,2018,0,0,0,0,0,0,0,0,0,0,0,0,0,0,0,0,0,0,0,0,0,0,0,0,0,0,0,0,11,7
12150,Coonamble,2018,9,9,22,11,10,9,8,5,9,7,7,4,10,6,4,0,0,4,0,4,0,6,0,0,0,0,0,0,7,5
12160,Cootamundra-Gundagai Regional,2018,0,0,0,0,5,0,0,0,3,3,0,0,3,3,0,0,0,0,0,0,0,3,0,0,0,0,0,0,4,13
12350,Cowra,2018,9,7,5,10,6,4,4,4,7,10,3,0,4,6,0,3,0,0,3,0,3,0,0,0,0,0,0,0,7,4
12380,Cumberland,2018,48,43,44,68,58,55,39,44,56,55,30,22,53,74,18,26,29,40,18,30,10,31,13,19,9,15,6,18,1,0
12390,Dubbo Regional,2018,71,99,75,102,66,96,43,81,83,86,50,34,37,63,38,34,23,43,29,28,7,17,8,9,5,8,5,5,3,3
12700,Dungog,2018,0,3,4,0,0,0,0,0,0,5,0,0,0,5,0,0,0,3,0,0,0,0,0,0,0,0,0,0,10,9
12730,Edward River,2018,0,0,0,0,3,4,3,8,5,15,0,6,5,7,9,5,5,8,6,4,3,7,0,0,0,3,0,0,3,8
12750,Eurobodalla,2018,13,19,22,25,38,37,23,32,40,37,26,16,33,56,19,11,19,40,28,19,17,16,17,16,0,11,6,18,5,1
12850,Fairfield,2018,41,102,46,69,55,90,37,94,42,51,17,20,38,77,13,14,23,41,14,16,6,15,8,21,4,10,6,4,2,2
12870,Federation,2018,0,8,4,3,6,0,3,0,0,6,0,0,3,0,0,3,0,4,0,3,0,0,0,0,0,0,0,0,7,12
12900,Forbes,2018,4,7,0,7,8,6,10,9,4,5,5,0,5,10,6,4,4,3,5,0,0,0,4,3,0,5,0,0,2,9
12930,Georges River,2018,15,21,20,27,26,52,14,27,18,33,9,16,20,46,4,10,18,50,4,10,0,21,8,18,3,12,3,13,3,3
12950,Gilgandra,2018,5,3,8,0,4,0,0,0,0,7,3,0,3,6,0,0,3,0,3,3,0,3,0,0,0,0,0,0,8,11
13010,Glen Innes Severn,2018,0,0,3,0,9,0,0,4,8,10,5,3,4,11,4,3,0,8,0,4,0,4,4,6,0,3,0,4,8,5
13310,Goulburn Mulwaree,2018,31,33,29,44,29,62,18,42,34,39,19,25,15,40,28,16,8,11,17,18,4,8,10,12,0,10,3,0,3,1
13340,Greater Hume Shire,2018,0,0,0,0,6,3,0,3,0,0,0,0,3,3,0,0,0,8,0,0,0,0,0,0,0,3,0,0,5,8
13450,Griffith,2018,23,113,28,122,24,82,24,77,37,79,23,25,12,71,22,25,15,42,10,32,0,26,3,15,0,10,0,12,2,1
13550,Gunnedah,2018,4,17,6,27,10,23,9,25,17,27,9,9,5,26,6,7,8,10,5,9,0,9,4,5,0,6,0,4,7,2
13660,Gwydir,2018,0,18,0,12,0,52,0,37,0,0,0,0,0,6,0,0,0,3,0,4,0,5,0,0,4,23,0,0,9,13
13800,Hawkesbury,2018,12,13,22,8,31,37,24,32,23,41,21,9,30,57,11,10,14,33,14,11,6,18,5,4,4,13,0,4,2,4
13850,Hay,2018,0,7,0,6,0,0,0,0,0,5,0,0,0,0,0,0,0,4,0,0,0,0,0,0,0,0,0,0,9,12
13910,Hilltops,2018,0,26,4,12,5,8,6,15,8,13,6,0,7,11,6,3,4,11,0,3,4,6,5,4,0,3,0,0,7,5
14000,Hornsby,2018,10,10,14,14,18,57,21,37,14,13,6,8,19,26,10,6,15,33,13,9,8,19,10,9,0,10,5,8,5,5
14100,Hunters Hill,2018,0,0,0,0,0,0,0,0,0,3,0,0,0,0,0,0,0,3,0,0,0,0,0,0,0,0,0,0,8,6
14170,Inner West,2018,38,59,45,54,79,106,52,60,69,105,66,56,50,85,28,32,48,90,64,38,19,38,35,26,11,21,29,12,3,3
14200,Inverell,2018,18,39,24,39,25,138,29,162,15,36,13,10,17,40,10,14,10,34,7,11,0,22,5,8,4,30,5,15,7,0
14300,Junee,2018,0,0,0,0,0,0,0,0,0,0,5,9,0,4,8,6,0,3,12,12,0,0,3,0,0,0,0,0,12,8
14350,Kempsey,2018,79,100,51,78,83,75,51,59,66,77,43,30,45,69,42,24,37,63,36,14,18,21,25,16,6,7,3,17,0,1
14400,Kiama,2018,6,0,5,0,3,0,5,0,4,0,0,0,0,3,0,3,0,3,0,0,0,0,0,0,0,0,0,0,8,10
14500,Ku-ring-gai,2018,0,8,4,0,4,26,3,28,0,5,0,6,8,13,0,0,4,12,0,0,4,8,0,0,0,8,0,6,7,11
14550,Kyogle,2018,9,13,7,12,3,7,0,6,6,6,3,4,5,8,0,0,3,7,5,0,0,4,0,0,0,3,0,3,3,7
14600,Lachlan,2018,7,6,4,8,7,4,4,4,0,5,0,0,4,7,0,0,0,0,0,3,0,4,0,0,0,0,0,0,8,8
14650,Lake Macquarie,2018,51,45,50,34,83,96,50,67,87,59,21,18,82,64,22,8,51,41,23,13,14,32,10,4,4,8,4,4,1,4
14700,Lane Cove,2018,0,4,0,0,0,5,0,4,0,0,0,0,0,7,0,0,0,0,0,0,0,0,0,0,0,0,0,0,14,14
14750,Leeton,2018,14,51,18,52,15,19,4,14,10,33,8,9,7,26,6,6,4,9,4,8,0,6,4,7,0,0,0,5,2,3
14850,Lismore,2018,37,68,47,106,56,67,51,76,49,62,34,25,39,59,20,16,30,44,28,21,19,33,21,11,6,13,11,9,1,5
14870,Lithgow,2018,9,9,11,10,24,21,25,16,22,22,21,9,10,26,4,12,3,14,7,4,0,19,0,0,0,5,3,0,3,9
14900,Liverpool,2018,75,76,85,76,64,90,55,68,101,83,52,30,51,105,51,29,32,51,27,30,20,44,29,21,8,43,12,17,0,1
14920,Liverpool Plains,2018,0,0,0,0,0,0,0,0,0,0,0,4,0,5,0,0,0,0,0,0,0,0,0,0,0,0,0,0,13,8
14950,Lockhart,2018,0,0,0,0,0,0,0,0,0,0,0,0,0,0,0,0,0,0,0,0,0,0,0,0,0,0,0,0,4,2
15050,Maitland,2018,19,18,14,8,60,67,43,46,62,39,28,10,42,43,10,7,19,37,12,4,10,11,5,3,0,6,0,0,2,7
15240,Mid-Coast,2018,17,21,15,19,68,65,55,44,79,74,60,28,39,92,27,16,32,69,40,20,17,30,17,16,7,21,11,14,5,2
15270,Mid-Western Regional,2018,6,8,11,6,10,6,10,4,14,20,13,7,7,19,12,5,9,12,0,4,0,7,4,0,0,5,0,0,3,6
15300,Moree Plains,2018,36,44,27,51,42,53,24,30,27,50,21,28,26,32,16,20,20,16,26,17,8,15,7,11,5,3,8,3,1,2
15350,Mosman,2018,0,0,0,0,0,6,0,3,0,3,0,0,0,4,0,0,0,3,0,0,0,0,0,0,0,0,0,0,8,6
15520,Murray River,2018,0,0,0,0,3,4,4,0,3,6,0,3,0,10,0,0,0,11,0,0,0,5,0,0,0,0,0,0,6,16
15560,Murrumbidgee,2018,0,3,0,4,0,0,0,0,0,7,0,0,0,5,0,0,0,0,0,3,0,4,0,3,0,0,0,0,7,9
15650,Muswellbrook,2018,12,0,7,4,18,22,12,11,14,47,10,3,26,30,8,9,10,22,10,9,0,13,3,3,0,6,0,0,7,7
15700,Nambucca,2018,15,21,15,15,19,17,12,7,15,20,8,4,7,12,6,6,5,16,6,4,0,7,0,5,0,3,0,0,8,8
15750,Narrabri,2018,22,26,24,24,17,15,8,15,15,29,11,11,12,14,11,7,7,13,8,5,4,7,0,4,0,0,0,0,6,4
15800,Narrandera,2018,5,7,0,11,0,9,0,7,3,8,0,0,0,4,0,0,0,10,0,0,0,3,0,0,0,0,0,0,8,19
15850,Narromine,2018,3,10,0,5,4,7,4,6,5,5,0,0,0,7,0,0,0,5,0,0,0,0,0,0,0,0,0,0,6,13
15900,Newcastle,2018,50,52,60,51,89,95,79,79,125,97,59,38,88,88,69,30,59,99,71,36,23,34,40,18,16,26,12,8,3,3
15950,North Sydney,2018,0,4,0,0,7,12,5,11,3,4,0,0,5,15,0,0,4,8,4,0,3,5,3,7,0,4,5,0,3,14
15990,Northern Beaches,2018,8,25,12,26,27,66,18,54,15,39,18,10,27,97,5,8,9,103,21,9,14,40,17,10,9,13,14,12,5,3
16100,Oberon,2018,0,8,0,4,0,4,0,4,0,0,0,4,0,6,0,0,0,0,0,4,0,0,0,0,0,0,0,0,11,10
16150,Orange,2018,47,88,57,94,68,70,48,69,61,86,48,22,36,59,31,28,25,53,39,20,15,17,17,15,5,13,6,3,1,0
16200,Parkes,2018,18,20,14,17,11,17,11,19,13,18,5,6,11,12,12,8,5,12,4,4,4,4,0,0,0,5,3,3,8,4
16260,Parramatta,2018,24,38,26,41,48,40,26,36,48,63,55,26,37,58,97,26,25,39,94,33,14,18,46,29,0,15,17,17,5,1
16350,Penrith,2018,71,74,93,88,136,122,72,105,119,175,61,54,89,150,44,25,60,103,33,26,22,55,19,14,6,25,11,4,4,1
16380,Port Macquarie-Hastings,2018,59,79,78,88,73,71,68,74,77,66,44,22,43,57,24,10,34,62,31,18,19,25,19,14,8,16,7,7,2,3
16400,Port Stephens,2018,16,20,10,11,30,35,18,23,34,64,18,14,30,63,15,15,26,62,11,17,10,38,6,9,0,34,5,9,5,3
16490,Queanbeyan-Palerang Regional,2018,16,35,17,42,20,39,19,34,36,53,21,24,29,53,24,31,31,43,31,43,7,29,15,19,5,13,12,7,0,1
16550,Randwick,2018,13,20,11,30,33,45,13,36,26,32,26,22,11,37,9,16,20,29,17,22,9,27,17,17,0,16,0,9,2,2
16610,Richmond Valley,2018,28,46,30,51,30,45,18,37,32,41,11,17,22,42,9,5,9,18,10,8,7,11,7,4,0,8,0,0,8,4
16700,Ryde,2018,8,9,16,13,13,25,9,27,10,19,5,9,10,29,3,6,6,33,4,12,4,14,3,5,3,9,3,13,2,2
16900,Shellharbour,2018,18,27,23,26,43,45,20,30,37,48,7,24,24,44,14,7,18,24,4,3,13,12,0,3,0,11,3,0,2,7
16950,Shoalhaven,2018,44,31,54,32,62,64,30,52,82,70,41,26,60,64,51,24,45,49,47,25,20,15,28,21,6,15,7,9,3,5
17000,Singleton,2018,6,4,3,4,10,14,7,15,14,18,7,0,17,12,4,3,15,9,5,0,5,4,4,3,0,6,0,0,2,4
17040,Snowy Monaro Regional,2018,4,4,0,5,9,25,6,15,11,20,9,8,8,21,4,14,7,26,5,5,0,15,3,6,0,4,0,0,10,8
17080,Snowy Valleys,2018,0,0,9,6,7,13,7,11,6,20,6,0,10,15,4,0,3,13,8,0,4,8,0,0,0,3,0,0,6,8
17100,Strathfield,2018,4,0,6,6,12,5,3,4,9,7,4,0,5,6,3,0,7,3,0,0,0,4,0,3,0,0,0,0,6,10
17150,Sutherland Shire,2018,13,17,12,17,36,102,13,96,12,30,20,22,16,39,8,8,9,50,12,13,5,38,9,16,6,10,8,7,4,3
17200,Sydney,2018,57,38,36,54,94,87,64,71,133,132,146,73,110,133,224,74,114,135,293,151,66,83,171,131,30,77,92,93,3,1
17310,Tamworth Regional,2018,23,13,27,19,56,58,41,37,93,93,61,36,36,88,67,31,34,52,38,34,10,31,20,24,0,20,4,7,3,2
17350,Temora,2018,0,0,0,3,0,0,0,3,0,3,0,0,0,0,0,0,0,0,0,0,0,0,0,0,0,0,0,0,11,6
17400,Tenterfield,2018,9,10,4,4,5,0,4,0,8,5,0,3,6,8,0,3,0,5,0,0,0,0,0,0,0,0,0,0,12,10
17420,The Hills Shire,2018,0,14,5,14,15,42,6,36,9,13,8,11,5,21,0,0,3,16,0,3,0,5,0,0,4,9,0,3,5,5
17550,Tweed,2018,51,96,53,112,84,117,66,110,55,78,49,38,63,96,38,23,51,92,45,25,27,49,37,21,16,37,33,28,3,5
17620,Upper Hunter Shire,2018,0,0,0,0,0,4,5,0,9,9,3,0,10,7,3,0,0,7,3,0,0,0,0,0,0,0,0,0,11,9
17640,Upper Lachlan Shire,2018,0,0,0,0,0,0,0,0,0,0,0,0,0,4,0,0,0,0,0,0,0,0,0,0,0,0,0,0,8,10
17650,Uralla,2018,0,3,0,0,0,6,0,4,0,0,0,0,0,0,0,0,0,5,0,0,0,3,0,0,0,0,0,0,11,9
17750,Wagga Wagga,2018,16,8,9,11,48,35,34,36,33,41,32,12,20,37,25,18,25,27,12,15,9,15,10,8,0,6,6,4,4,3
17850,Walcha,2018,0,0,0,0,0,22,0,0,0,0,0,0,0,0,0,0,0,0,0,0,0,0,0,0,0,0,0,0,6,3
17900,Walgett,2018,25,14,21,15,19,15,17,11,20,12,10,3,21,9,9,0,5,15,11,9,7,8,6,0,0,5,0,0,8,11
17950,Warren,2018,5,8,4,8,0,3,0,3,3,4,0,0,3,7,0,0,0,4,0,0,0,0,0,0,0,0,0,0,8,6
18020,Warrumbungle Shire,2018,3,7,6,9,8,8,5,10,8,9,4,4,8,10,5,6,4,9,7,0,0,5,0,0,0,3,0,0,4,10
18050,Waverley,2018,3,0,0,5,15,14,6,13,10,9,8,4,9,8,6,4,13,4,9,5,8,0,8,0,0,4,4,3,9,4
18100,Weddin,2018,0,0,0,0,0,0,0,0,0,0,0,0,0,0,0,0,0,0,0,0,0,0,0,0,0,0,0,0,11,3
18200,Wentworth,2018,7,10,6,13,9,17,0,10,14,32,0,9,9,27,10,7,6,19,8,7,0,20,4,5,0,7,3,3,7,5
18250,Willoughby,2018,0,3,0,7,8,23,9,13,3,5,0,8,3,13,0,0,3,15,0,4,0,4,4,4,3,0,0,5,3,6
18350,Wingecarribee,2018,7,29,4,22,20,38,16,24,15,24,10,14,7,26,5,10,8,42,12,7,8,14,4,7,5,18,3,6,0,1
18400,Wollondilly,2018,14,24,16,26,19,40,19,29,7,12,3,3,9,19,3,3,7,16,3,7,3,7,5,0,0,9,0,0,5,5
18450,Wollongong,2018,78,77,99,88,177,123,146,107,191,199,143,73,138,113,132,56,98,105,155,52,55,61,77,37,23,21,27,15,2,0
18500,Woollahra,2018,4,0,0,0,0,7,3,3,0,0,0,0,3,0,6,0,0,5,0,0,3,4,4,3,0,3,0,0,9,12
18710,Yass Valley,2018,5,24,4,24,5,10,4,9,7,19,3,0,4,16,0,6,0,10,3,3,0,3,0,0,0,0,0,0,8,9
19399,Unincorporated NSW,2018,0,0,0,0,0,4,0,0,0,4,0,0,0,5,0,3,0,0,0,0,0,0,0,0,0,0,0,0,7,10
20110,Alpine,2018,0,0,0,0,3,0,4,0,0,10,0,3,0,14,4,0,0,14,4,3,0,12,0,0,0,6,0,0,10,9
20260,Ararat,2018,9,12,9,20,9,12,4,6,16,29,17,49,4,18,10,97,7,17,9,67,0,14,5,27,0,5,0,31,6,4
20570,Ballarat,2018,52,80,70,84,117,125,97,80,128,261,114,112,68,229,116,56,57,182,79,95,19,81,46,61,9,66,19,48,0,4
20660,Banyule,2018,49,37,64,62,53,57,60,67,73,75,44,30,59,87,28,32,33,80,43,26,15,46,18,18,17,42,13,30,0,3
20740,Bass Coast,2018,25,52,22,67,31,46,29,54,26,75,16,17,22,97,21,17,18,88,23,18,17,47,9,12,0,44,0,13,3,6
20830,Baw Baw,2018,6,47,15,40,17,43,10,27,33,77,20,25,31,106,21,23,24,73,25,18,9,33,11,16,3,40,5,13,2,0
20910,Bayside,2018,8,30,10,32,9,29,13,20,15,36,16,15,13,49,10,12,23,58,16,18,8,33,7,8,0,27,3,8,4,3
21010,Benalla,2018,0,5,3,0,6,16,12,4,15,37,24,13,5,40,13,11,5,26,9,16,6,16,6,9,0,6,4,5,5,1
21110,Boroondara,2018,14,66,9,72,12,35,11,46,22,64,17,22,33,78,19,28,18,80,29,44,17,70,22,22,6,59,8,26,2,2
21180,Brimbank,2018,167,335,183,386,136,289,101,231,184,443,114,130,130,584,132,142,82,341,106,108,38,216,58,76,25,173,24,77,0,2
21270,Buloke,2018,0,0,0,0,0,0,0,0,0,0,0,3,0,4,0,0,0,7,0,0,0,3,0,5,0,0,4,0,8,12
21370,Campaspe,2018,7,13,13,19,8,21,7,20,34,62,26,18,26,83,25,22,16,62,19,18,17,42,14,10,6,21,6,10,1,3
21450,Cardinia,2018,18,55,11,66,20,57,29,48,43,137,25,27,29,152,27,20,27,91,30,17,7,39,8,15,6,19,5,12,5,2
21610,Casey,2018,58,176,49,192,76,155,55,134,154,317,87,90,120,439,94,76,75,326,75,89,28,130,37,38,22,72,19,33,0,5
21670,Central Goldfields,2018,8,5,8,10,11,8,6,5,16,32,6,8,15,27,9,8,7,20,15,10,4,16,7,9,4,19,10,9,9,1
21750,Colac-Otway,2018,23,45,24,57,22,54,22,39,21,60,26,16,16,49,12,6,11,37,14,11,7,11,7,6,0,9,3,0,8,3
21830,Corangamite,2018,0,5,4,11,0,15,7,10,3,16,6,5,6,15,9,7,0,12,5,3,0,7,0,5,0,0,0,3,10,1
21890,Darebin,2018,66,55,72,65,60,41,57,43,112,113,74,53,87,121,95,66,84,105,99,74,42,67,62,39,33,49,34,41,2,2
22110,East Gippsland,2018,24,23,30,17,68,33,50,26,72,115,48,26,44,108,56,36,47,91,40,39,15,46,24,21,14,48,16,18,1,4
22170,Frankston,2018,91,134,77,133,79,133,67,110,125,190,76,69,93,266,108,85,56,204,93,97,28,96,37,52,20,64,28,42,1,3
22250,Gannawarra,2018,5,8,0,18,3,20,0,19,10,30,3,10,10,33,4,15,3,20,0,7,0,13,4,12,0,12,0,10,6,4
22310,Glen Eira,2018,17,41,21,36,17,36,23,42,30,44,39,18,38,72,22,17,25,77,34,28,15,35,17,19,4,36,8,25,2,2
22410,Glenelg,2018,18,14,18,20,26,18,23,17,25,24,28,15,11,34,23,11,11,16,14,12,8,11,7,9,0,8,3,0,3,4
22490,Golden Plains,2018,0,7,0,0,4,6,0,0,3,8,6,0,3,8,0,0,0,9,3,0,0,3,0,0,3,5,0,5,4,16
22620,Greater Bendigo,2018,22,78,28,89,79,122,53,85,156,289,111,81,88,324,96,107,57,266,89,68,22,108,33,49,14,69,16,45,2,0
22670,Greater Dandenong,2018,33,89,39,97,59,74,76,63,147,259,150,96,130,301,143,101,70,202,117,76,28,85,53,63,23,57,30,48,3,5
22750,Greater Geelong,2018,159,219,143,251,205,263,153,230,209,394,143,269,132,413,127,336,62,366,131,244,37,153,78,114,15,156,34,51,0,1
22830,Greater Shepparton,2018,13,45,28,50,82,125,65,66,140,204,86,88,84,192,97,129,68,149,81,100,27,79,40,46,16,40,27,40,2,2
22910,Hepburn,2018,11,13,9,8,11,10,11,7,13,12,9,6,6,23,10,0,11,28,7,8,4,10,6,7,6,15,5,9,6,2
22980,Hindmarsh,2018,0,0,0,4,3,4,0,5,0,10,0,0,0,6,0,0,0,6,0,6,0,8,0,0,0,4,0,0,10,12
23110,Hobsons Bay,2018,10,21,17,27,28,33,19,20,31,98,36,18,32,139,24,30,22,95,35,22,11,63,14,27,5,72,11,33,0,3
23190,Horsham,2018,9,17,9,28,15,37,14,20,19,80,11,26,13,72,10,13,9,53,12,15,0,16,5,8,0,12,5,0,4,2
23270,Hume,2018,77,164,80,176,68,134,57,106,136,239,62,84,97,306,68,102,58,230,74,93,44,134,40,59,45,77,54,71,1,2
23350,Indigo,2018,7,0,0,0,0,5,3,3,5,9,6,24,4,17,17,47,3,14,0,39,0,8,3,19,0,0,4,11,6,8
23430,Kingston,2018,39,81,42,69,48,60,29,51,48,96,42,24,51,150,32,21,44,133,40,37,21,53,29,26,10,40,8,17,4,2
23670,Knox,2018,42,205,60,218,56,201,50,168,81,184,71,90,49,242,60,84,57,201,56,89,25,112,37,32,24,63,43,45,2,3
23810,Latrobe,2018,51,128,56,121,98,83,92,68,171,246,156,82,86,254,111,64,54,127,73,58,30,76,42,31,19,45,15,25,0,6
23940,Loddon,2018,0,7,0,0,0,4,0,0,4,12,5,0,4,10,0,3,3,7,0,0,0,8,0,0,0,5,0,4,4,15
24130,Macedon Ranges,2018,0,4,5,9,17,12,12,27,15,29,11,13,16,47,7,10,7,56,7,10,9,29,4,8,0,46,0,25,9,3
24210,Manningham,2018,15,79,13,99,23,96,8,85,13,38,13,21,15,94,10,28,13,101,11,28,6,52,9,18,10,55,6,21,0,4
24250,Mansfield,2018,0,0,0,0,0,0,0,0,0,6,0,0,5,11,0,0,0,13,0,4,0,4,0,0,0,0,0,0,10,10
24330,Maribyrnong,2018,53,29,56,46,49,46,45,31,94,154,76,36,58,153,77,47,39,100,65,53,22,67,34,52,14,66,20,35,0,1
24410,Maroondah,2018,63,174,97,153,47,128,52,107,75,134,62,70,69,230,50,71,44,165,77,65,20,97,29,27,9,73,5,43,0,4
24600,Melbourne,2018,34,32,40,33,56,66,50,44,150,251,188,63,111,239,263,94,83,143,235,93,37,54,113,60,20,57,28,30,0,2
24650,Melton,2018,74,289,79,304,74,239,70,209,111,475,60,88,50,557,57,73,42,316,28,51,18,158,21,36,10,82,14,38,0,2
24780,Mildura,2018,42,86,57,79,83,134,48,75,127,221,76,54,92,221,66,58,47,156,70,52,26,77,25,42,17,36,20,22,5,4
24850,Mitchell,2018,4,17,9,7,16,37,19,18,27,60,19,13,30,65,35,19,17,72,21,26,8,33,14,18,4,24,4,10,6,1
24900,Moira,2018,5,5,13,7,8,41,8,25,26,58,12,15,22,55,12,19,11,48,15,17,0,21,4,9,3,19,10,12,6,2
24970,Monash,2018,53,129,52,131,54,109,33,89,54,98,46,53,46,154,29,61,38,171,41,58,24,65,24,51,19,63,15,48,0,7
25060,Moonee Valley,2018,16,18,19,25,14,24,17,18,68,126,25,25,49,150,47,32,20,146,21,34,12,50,17,14,11,57,18,22,0,4
25150,Moorabool,2018,6,14,3,23,7,21,7,12,21,46,10,12,16,53,9,17,7,48,9,12,0,19,8,5,0,17,0,7,6,3
25250,Moreland,2018,40,45,45,57,48,57,24,40,70,107,74,46,75,130,67,55,37,108,69,66,30,66,38,49,26,49,30,35,0,3
25340,Mornington Peninsula,2018,48,106,48,94,60,83,36,59,61,136,55,30,59,209,55,37,49,185,72,64,28,118,34,55,20,89,17,52,0,1
25430,Mount Alexander,2018,6,5,0,8,8,12,7,6,10,21,4,71,12,45,13,117,9,39,10,64,0,21,0,33,6,19,9,22,4,2
25490,Moyne,2018,5,16,0,15,6,19,4,25,9,16,6,7,3,21,4,4,7,9,6,12,3,0,0,7,0,12,0,0,5,8
25620,Murrindindi,2018,0,0,0,0,0,6,0,0,6,3,3,0,0,7,0,6,3,9,4,6,0,6,0,8,0,4,3,4,8,5
25710,Nillumbik,2018,0,7,3,0,4,6,0,3,8,5,5,0,7,13,3,0,6,13,3,4,0,7,6,0,0,8,0,5,11,9
25810,Northern Grampians,2018,4,9,7,13,6,15,11,15,4,22,10,9,5,40,5,9,9,25,6,4,0,18,4,0,0,14,3,4,3,3
25900,Port Phillip,2018,76,64,74,63,44,43,49,32,129,97,93,57,124,155,171,105,106,175,155,143,47,121,106,131,12,78,44,90,0,0
25990,Pyrenees,2018,3,3,3,3,0,0,0,0,0,0,0,10,0,3,6,27,0,6,4,36,0,6,3,24,0,0,6,31,16,5
26080,Queenscliffe,2018,0,0,0,0,0,0,0,0,0,0,0,0,0,0,0,0,0,0,0,0,0,0,0,0,0,0,0,0,3,8
26170,South Gippsland,2018,13,38,14,58,11,38,14,30,16,54,13,11,13,67,15,11,7,53,13,9,5,35,4,10,0,15,0,4,4,4
26260,Southern Grampians,2018,13,7,16,12,8,11,22,12,12,21,23,7,15,13,18,7,13,13,13,12,3,13,4,3,0,12,3,3,4,1
26350,Stonnington,2018,16,22,11,28,6,15,5,13,33,53,22,9,20,64,18,29,10,66,21,28,17,39,19,25,10,28,8,22,4,5
26430,Strathbogie,2018,0,0,0,0,0,0,0,0,5,11,0,0,7,15,0,4,4,8,5,3,0,8,0,0,0,4,0,3,7,13
26490,Surf Coast,2018,0,3,0,7,5,5,4,3,4,10,4,0,0,15,0,0,3,19,0,0,3,6,0,0,0,0,0,0,11,17
26610,Swan Hill,2018,8,20,12,19,18,29,11,18,46,78,27,18,28,94,33,30,23,63,19,30,12,43,20,18,4,32,10,25,3,1
26670,Towong,2018,0,0,0,0,0,0,0,0,4,6,4,0,0,8,4,0,0,6,0,3,0,5,0,0,0,3,0,0,6,9
26700,Wangaratta,2018,7,14,6,17,38,28,28,15,38,69,35,32,27,71,28,16,16,65,21,23,13,30,16,24,4,24,6,10,1,1
26730,Warrnambool,2018,25,41,24,52,31,90,42,68,37,109,36,53,23,69,23,31,16,66,21,40,5,34,11,18,3,24,11,10,6,5
26810,Wellington,2018,15,44,9,76,35,63,30,33,38,106,31,140,27,85,30,229,24,74,22,155,3,29,12,51,8,15,9,24,2,3
26890,West Wimmera,2018,0,0,0,0,0,3,0,0,0,0,0,0,0,0,0,0,0,0,0,3,0,5,0,0,0,0,0,0,14,8
26980,Whitehorse,2018,31,107,33,108,28,118,21,121,45,107,40,70,38,142,33,58,26,148,51,58,22,100,22,53,6,79,24,48,0,2
27070,Whittlesea,2018,71,88,68,108,54,101,48,68,80,191,43,45,76,257,45,70,35,159,33,51,31,96,29,41,16,72,23,47,0,2
27170,Wodonga,2018,39,71,53,61,74,67,39,54,70,131,58,40,38,126,56,38,24,111,38,45,8,44,15,28,9,20,7,23,2,3
27260,Wyndham,2018,69,98,70,126,73,123,56,63,175,483,90,103,142,605,110,111,72,424,76,77,33,150,23,47,23,118,34,46,0,2
27350,Yarra,2018,30,15,18,18,23,18,25,15,91,80,67,29,46,72,73,52,33,48,58,42,19,31,38,45,10,30,17,26,2,3
27450,Yarra Ranges,2018,47,257,56,269,73,231,47,230,59,154,45,49,54,233,43,58,45,241,50,67,18,103,23,38,17,78,15,37,0,4
27630,Yarriambiack,2018,0,3,0,5,0,4,3,5,0,19,4,0,3,9,0,3,0,11,0,0,0,7,0,0,0,0,0,0,9,15
29399,Unincorporated Vic,2018,0,0,0,0,0,0,0,0,0,0,0,0,0,0,0,0,0,0,0,0,0,0,0,0,0,0,0,0,5,2
30250,Aurukun,2018,0,0,0,0,0,4,0,0,0,12,0,0,0,12,0,0,0,7,0,0,0,4,0,0,0,3,0,0,3,6
30300,Balonne,2018,0,0,0,0,0,0,0,0,0,0,0,0,0,0,0,0,0,0,0,0,0,0,0,0,0,0,0,0,8,7
30370,Banana,2018,13,0,8,0,0,0,4,0,6,0,0,0,3,0,0,0,0,0,0,0,0,0,0,0,0,0,0,0,9,11
30410,Barcaldine,2018,0,0,0,0,0,0,0,0,0,0,0,0,0,0,0,0,0,0,0,0,0,0,0,0,0,0,0,0,5,1
30450,Barcoo,2018,0,0,0,0,0,0,0,0,0,0,0,0,0,0,0,0,0,0,0,0,0,0,0,0,0,0,0,0,3,1
30760,Blackall-Tambo,2018,0,0,0,0,0,0,0,0,0,0,0,0,0,0,0,0,0,0,0,0,0,0,0,0,0,0,0,0,8,4
30900,Boulia,2018,0,0,0,0,0,0,0,0,0,0,0,0,0,0,0,0,0,0,0,0,0,0,0,0,0,0,0,0,2,0
31000,Brisbane,2018,402,239,426,265,331,252,270,188,421,352,228,119,423,405,296,150,266,289,331,160,97,134,141,130,40,65,76,80,2,5
31750,Bulloo,2018,0,0,0,0,0,0,0,0,0,0,0,0,0,0,0,0,0,0,0,0,0,0,0,0,0,0,0,0,1,1
31820,Bundaberg,2018,56,29,52,21,40,20,38,14,32,37,33,27,33,48,29,12,16,28,21,20,4,13,12,12,0,8,4,8,3,0
31900,Burdekin,2018,6,0,6,0,4,0,0,0,11,15,6,0,7,28,8,14,7,12,6,16,0,10,3,8,4,7,0,7,5,6
31950,Burke,2018,0,4,0,0,0,0,0,0,0,0,0,0,0,0,0,0,0,0,0,0,0,0,0,0,0,0,0,0,10,4
32080,Cairns,2018,202,180,190,185,172,158,118,122,282,214,135,71,207,300,179,75,150,200,206,96,97,97,127,61,27,35,45,35,6,2
32250,Carpentaria,2018,4,8,0,4,0,3,0,3,5,6,3,0,0,11,0,0,0,6,0,0,4,8,0,0,0,0,0,0,4,5
32260,Cassowary Coast,2018,13,0,12,7,14,11,12,5,12,21,9,14,11,28,15,17,13,24,6,25,4,7,0,5,0,3,0,4,3,5
32270,Central Highlands,2018,9,10,17,9,8,13,3,11,8,16,4,8,11,11,7,7,4,9,5,0,3,4,0,0,0,0,0,0,5,8
32310,Charters Towers,2018,3,0,5,0,0,0,6,0,5,0,0,0,7,0,12,0,8,0,5,0,0,0,0,0,0,0,0,0,12,8
32330,Cherbourg,2018,0,0,0,0,0,0,0,0,3,0,0,0,0,0,0,0,0,0,0,0,0,0,0,0,0,0,0,0,8,4
32450,Cloncurry,2018,24,40,17,43,41,22,24,17,50,80,36,17,46,54,43,24,38,28,30,27,10,13,30,14,3,5,12,9,2,0
32500,Cook,2018,0,24,0,19,0,14,0,4,0,26,0,0,0,18,0,0,0,14,0,0,0,3,0,0,0,4,0,0,11,6
32600,Croydon,2018,0,0,0,0,0,0,0,0,0,0,0,0,0,0,0,0,0,0,0,0,0,0,0,0,0,0,0,0,1,0
32750,Diamantina,2018,0,0,0,0,0,0,0,0,0,0,0,0,0,0,0,0,0,0,0,0,0,0,0,0,0,0,0,0,0,2
32770,Doomadgee,2018,0,4,0,3,0,0,0,0,5,7,0,0,0,3,0,0,0,5,0,0,0,4,0,0,0,0,0,0,5,7
32810,Douglas,2018,4,0,0,0,0,0,0,0,3,0,0,0,0,0,4,0,3,0,0,0,0,0,0,0,0,0,0,0,10,9
33100,Etheridge,2018,0,0,0,0,0,0,0,0,0,0,0,0,0,0,0,0,0,0,0,0,0,0,0,0,0,0,0,0,1,1
33200,Flinders,2018,0,0,0,0,0,0,0,0,0,0,0,0,0,0,0,0,0,0,0,0,0,0,0,0,0,0,0,0,4,8
33220,Fraser Coast,2018,90,81,94,98,80,75,68,62,79,84,41,44,71,107,65,60,50,61,67,52,18,45,17,27,10,31,13,27,3,1
33360,Gladstone,2018,15,38,16,36,28,22,24,25,15,26,13,18,13,22,10,11,9,19,6,7,0,9,6,7,3,0,3,3,5,2
33430,Gold Coast,2018,127,200,138,216,175,190,154,205,113,147,64,56,154,196,95,49,127,187,110,67,56,79,69,41,25,38,22,35,2,1
33610,Goondiwindi,2018,4,0,0,0,0,0,3,0,0,0,0,0,0,0,0,0,0,0,0,0,0,0,0,0,0,0,0,0,7,7
33620,Gympie,2018,29,30,17,33,39,34,22,28,19,27,18,11,17,37,7,4,16,22,6,5,4,16,3,0,0,9,0,0,3,4
33800,Hinchinbrook,2018,3,0,0,3,5,0,3,4,5,18,3,5,5,19,3,4,5,14,7,7,5,10,5,7,0,10,3,7,6,2
33830,Hope Vale,2018,0,3,0,5,0,0,0,0,0,4,0,0,0,5,0,0,0,0,0,0,0,0,0,0,0,0,0,0,7,1
33960,Ipswich,2018,134,119,167,119,133,133,91,83,128,112,81,40,92,95,50,32,42,50,31,30,11,30,7,13,0,9,0,9,6,7
33980,Isaac,2018,6,4,8,4,7,14,6,8,4,7,0,7,5,9,3,5,3,7,0,0,3,4,0,0,0,0,0,0,2,10
34420,Kowanyama,2018,0,0,0,0,0,5,0,0,0,16,0,0,0,9,0,0,0,11,0,0,0,7,0,0,0,3,0,0,10,5
34530,Livingstone,2018,4,10,0,8,10,6,7,6,3,10,7,5,3,5,0,6,4,0,5,0,0,6,3,0,0,0,0,0,3,8
34570,Lockhart River,2018,0,8,0,0,0,6,0,3,0,3,0,0,0,3,0,0,0,0,0,0,0,0,0,0,0,0,0,0,9,0
34580,Lockyer Valley,2018,17,19,23,20,17,12,12,14,7,10,4,0,19,6,13,6,7,4,0,3,4,3,12,0,0,3,3,4,4,5
34590,Logan,2018,185,178,171,179,151,143,99,104,193,128,67,52,156,119,44,36,68,82,34,30,21,27,14,21,7,11,6,8,3,0
34710,Longreach,2018,0,0,3,0,0,3,0,3,0,0,0,0,3,4,0,0,0,0,0,0,0,0,0,0,0,0,0,0,7,10
34770,Mackay,2018,128,291,141,285,102,176,91,222,109,159,72,64,88,163,51,68,43,129,59,84,17,56,22,49,5,27,7,33,2,4
34800,McKinlay,2018,0,0,0,0,0,0,0,0,0,0,0,0,0,0,0,0,0,0,0,0,0,0,0,0,0,0,0,0,0,1
34830,Mapoon,2018,0,0,0,0,0,0,0,0,0,4,0,0,0,3,0,0,0,0,0,0,0,0,0,0,0,0,0,0,5,2
34860,Maranoa,2018,0,0,4,0,8,0,6,0,4,0,10,0,4,0,0,0,3,0,5,0,0,0,0,0,0,0,0,0,2,8
34880,Mareeba,2018,17,5,9,6,3,8,9,3,38,19,18,13,22,16,19,6,9,13,27,12,7,11,7,6,0,4,7,0,3,2
35010,Moreton Bay,2018,146,62,111,60,125,58,96,41,112,86,50,22,115,76,42,15,62,58,45,15,18,21,17,7,6,16,8,11,5,1
35250,Mornington,2018,0,0,0,5,0,0,0,0,0,4,0,0,0,4,0,0,0,8,0,0,0,8,0,0,0,0,0,0,9,6
35300,Mount Isa,2018,0,3,0,6,4,10,5,8,10,12,6,5,7,14,5,5,8,13,10,8,0,4,5,3,0,5,0,3,2,3
35600,Murweh,2018,0,4,0,3,0,0,0,0,0,0,0,0,0,3,0,0,0,0,0,0,0,0,0,0,0,0,0,0,6,7
35670,Napranum,2018,0,6,0,5,0,0,3,0,0,6,0,0,0,7,0,0,0,4,0,0,0,3,0,0,0,0,0,0,4,7
35740,Noosa,2018,20,5,14,0,14,3,12,6,9,4,8,3,10,0,0,0,5,4,9,0,0,0,0,0,0,0,0,0,5,6
35760,North Burnett,2018,0,0,3,0,0,0,0,0,0,0,0,0,0,0,0,0,0,0,0,0,0,0,0,0,0,0,0,0,4,4
35780,Northern Peninsula Area,2018,0,30,0,29,0,10,0,13,0,12,0,0,0,11,0,0,0,13,0,0,0,0,0,0,0,0,0,0,8,6
35790,Palm Island,2018,0,0,0,0,0,0,0,0,0,7,4,0,4,8,0,0,0,4,0,0,0,3,0,0,0,3,0,0,10,11
35800,Paroo,2018,4,0,0,0,0,0,0,0,0,0,0,0,0,0,0,0,0,0,0,0,0,0,0,0,0,0,0,0,1,1
36070,Pormpuraaw,2018,0,0,0,0,0,6,0,0,0,11,0,0,0,13,0,0,0,8,0,0,0,3,0,0,0,4,0,0,4,2
36150,Quilpie,2018,0,0,0,0,0,0,0,0,0,0,0,0,0,0,0,0,0,0,0,0,0,0,0,0,0,0,0,0,0,2
36250,Redland,2018,33,24,37,35,22,56,29,43,32,14,16,9,22,23,17,4,23,15,5,3,3,6,0,3,0,0,0,0,3,2
36300,Richmond,2018,0,0,0,0,0,0,0,0,0,0,0,0,0,0,0,0,0,0,0,0,0,0,0,0,0,0,0,0,5,2
36370,Rockhampton,2018,33,36,38,42,48,42,22,25,52,68,36,31,33,42,42,29,17,26,37,30,8,14,26,24,5,7,5,14,4,3
36510,Scenic Rim,2018,14,9,23,16,5,3,8,3,9,7,3,0,8,4,5,0,8,4,6,3,0,0,0,0,0,0,0,0,5,6
36580,Somerset,2018,6,5,10,6,3,10,3,3,7,7,0,0,5,3,0,6,3,4,0,4,0,0,0,0,0,0,0,0,5,9
36630,South Burnett,2018,17,9,18,13,11,9,16,10,9,12,4,4,13,6,0,0,3,4,0,4,0,0,0,0,0,0,0,0,4,3
36660,Southern Downs,2018,5,14,7,11,6,8,3,10,19,22,12,8,13,23,11,5,8,17,7,14,5,17,7,7,0,8,4,3,2,1
36720,Sunshine Coast,2018,76,18,84,21,56,23,48,15,46,38,28,12,48,27,32,8,38,24,21,12,13,17,13,11,11,7,3,3,3,4
36820,Tablelands,2018,12,14,13,27,11,9,7,12,12,9,5,3,14,28,4,0,4,14,0,4,6,8,0,3,0,4,0,0,3,6
36910,Toowoomba,2018,69,33,72,30,56,39,62,21,63,37,43,28,56,49,57,20,34,43,50,26,10,17,15,10,0,25,8,8,2,2
36950,Torres,2018,4,9,6,20,0,5,0,0,3,10,0,0,0,6,0,0,0,3,0,0,0,4,0,0,0,0,0,0,2,3
36960,Torres Strait Island,2018,0,5,0,4,0,4,0,0,0,4,0,0,0,5,0,0,0,0,0,0,0,0,0,0,0,0,0,0,3,4
37010,Townsville,2018,196,237,224,295,162,199,131,186,225,238,141,88,174,248,169,100,135,155,150,112,40,78,65,54,15,34,26,23,2,3
37300,Weipa,2018,0,0,0,5,0,6,0,0,0,0,0,0,0,0,0,0,0,4,0,0,0,0,0,0,0,0,0,0,6,2
37310,Western Downs,2018,3,12,15,11,3,3,3,6,6,5,6,0,7,3,4,3,0,0,4,0,0,0,0,0,0,0,0,0,2,5
37340,Whitsunday,2018,14,3,9,7,7,3,0,0,8,5,0,0,9,3,0,0,4,0,7,0,0,3,0,0,0,0,0,0,2,16
37400,Winton,2018,0,0,0,0,0,0,0,0,0,0,0,0,0,0,0,0,0,0,0,0,0,0,0,0,0,0,0,0,4,8
37550,Woorabinda,2018,3,0,0,0,0,0,0,0,0,0,0,0,0,0,0,0,0,0,0,0,0,0,0,0,0,0,0,0,5,4
37570,Wujal Wujal,2018,0,0,0,0,0,0,0,0,0,0,0,0,0,0,0,0,0,0,0,0,0,0,0,0,0,0,0,0,2,4
37600,Yarrabah,2018,0,26,4,21,0,3,0,5,5,20,0,3,4,15,0,0,5,12,0,0,0,0,0,0,0,0,0,0,12,9
40070,Adelaide,2018,13,30,19,32,36,28,37,18,83,45,100,21,91,45,180,42,77,18,171,35,44,11,116,18,13,7,26,9,1,1
40120,Adelaide Hills,2018,0,0,0,0,6,5,4,0,0,6,0,0,5,13,0,0,0,12,3,3,0,0,0,0,0,0,0,0,9,15
40150,Adelaide Plains,2018,0,0,0,3,0,0,3,0,0,4,0,0,7,3,3,0,3,6,0,0,0,0,0,0,0,0,0,0,9,7
40220,Alexandrina,2018,0,4,0,4,3,6,0,4,5,9,0,11,9,15,9,6,3,22,5,5,0,8,3,0,5,3,0,0,6,10
40250,Anangu Pitjantjatjara,2018,0,9,0,5,0,15,5,3,4,47,0,0,0,50,0,0,0,20,0,0,0,9,0,0,0,0,0,0,5,11
40310,Barossa,2018,0,3,0,3,5,9,0,5,9,11,11,0,6,17,0,0,3,12,0,0,0,5,0,0,0,0,0,0,2,10
40430,Barunga West,2018,0,0,0,3,0,0,0,0,0,0,0,0,0,0,0,0,0,0,0,0,0,0,0,0,0,0,0,0,9,6
40520,Berri and Barmera,2018,0,23,0,26,10,21,0,15,8,28,19,12,5,14,23,10,10,15,31,4,5,7,13,5,0,5,6,0,2,4
40700,Burnside,2018,0,0,0,0,5,3,4,0,6,10,6,3,10,10,0,6,3,11,5,3,0,3,0,0,0,0,0,0,11,8
40910,Campbelltown,2018,5,21,0,14,7,9,4,8,12,19,9,6,9,40,8,10,5,12,0,5,0,11,3,0,0,6,0,5,7,9
41010,Ceduna,2018,0,15,0,14,7,8,4,8,10,21,7,4,10,24,6,7,7,12,9,5,3,7,0,0,0,3,0,0,4,5
41060,Charles Sturt,2018,15,79,16,77,35,67,22,56,63,72,30,28,60,97,43,30,33,63,29,32,19,32,18,21,3,19,4,13,3,2
41140,Clare and Gilbert Valleys,2018,0,13,0,8,4,6,4,7,4,9,0,4,0,11,3,0,0,13,0,0,0,3,0,0,0,0,0,0,9,8
41190,Cleve,2018,0,0,0,0,0,0,0,0,0,0,0,0,0,0,0,0,0,0,0,0,0,0,0,0,0,0,0,0,2,1
41330,Coober Pedy,2018,0,5,0,7,0,0,0,3,7,8,0,6,7,10,9,0,6,4,9,3,8,3,3,0,0,0,0,0,5,7
41560,Copper Coast,2018,3,4,4,7,4,0,8,0,0,8,5,0,12,15,7,4,8,9,5,3,3,4,0,0,0,0,0,0,5,9
41750,Elliston,2018,0,0,0,0,0,0,0,0,0,0,0,0,0,0,0,0,0,0,0,0,0,0,0,0,0,0,0,0,3,0
41830,Flinders Ranges,2018,0,0,0,0,0,0,0,0,0,0,0,0,0,4,0,0,0,0,0,0,0,0,0,0,0,0,0,0,7,8
41960,Franklin Harbour,2018,0,0,0,0,0,0,0,0,0,0,0,0,0,0,0,0,0,0,0,0,0,0,0,0,0,0,0,0,3,0
42030,Gawler,2018,5,14,3,14,16,18,10,10,15,21,10,6,19,24,5,4,22,14,12,4,0,5,3,4,0,3,0,3,4,1
42110,Goyder,2018,0,0,0,0,0,0,0,0,0,3,0,0,0,3,0,0,0,0,0,0,0,0,0,0,0,0,0,0,8,3
42250,Grant,2018,0,0,0,5,0,3,0,10,3,5,3,0,0,8,5,0,3,6,0,0,0,5,0,0,0,0,0,0,7,11
42600,Holdfast Bay,2018,0,9,4,9,5,11,3,0,5,8,4,0,5,17,7,4,10,14,6,6,4,7,0,0,0,0,0,0,6,12
42750,Kangaroo Island,2018,3,12,3,6,0,5,4,10,4,9,7,0,0,5,0,4,0,8,0,3,0,6,0,0,0,4,0,0,7,10
43080,Karoonda East Murray,2018,0,0,0,0,0,0,0,0,0,0,0,0,0,0,0,0,0,0,0,0,0,0,0,0,0,0,0,0,1,0
43360,Kingston,2018,0,0,0,0,0,0,0,0,0,0,0,0,0,0,0,0,0,0,0,0,0,0,0,0,0,0,0,0,4,2
43650,Light,2018,0,6,0,6,3,0,0,0,5,4,0,0,0,5,0,0,0,6,0,0,0,4,0,0,0,0,0,0,11,7
43710,Lower Eyre Peninsula,2018,0,0,0,7,4,0,0,0,3,3,4,0,0,3,0,0,0,4,0,0,0,0,0,0,0,0,0,0,14,11
43790,Loxton Waikerie,2018,0,5,0,13,3,8,0,4,5,14,6,3,7,12,5,8,5,4,0,4,0,3,6,0,0,0,0,0,5,11
44000,Maralinga Tjarutja,2018,0,0,0,0,0,0,0,0,0,0,0,0,0,0,0,0,0,0,0,0,0,0,0,0,0,0,0,0,4,0
44060,Marion,2018,19,76,24,69,35,63,33,54,51,63,24,23,36,86,24,21,29,48,23,26,9,26,15,19,4,14,3,6,3,2
44210,Mid Murray,2018,0,3,0,5,0,0,0,3,5,0,0,0,0,8,4,5,4,3,0,6,0,3,4,0,0,0,0,0,10,12
44340,Mitcham,2018,4,13,0,16,12,15,0,14,9,22,3,10,6,21,6,12,5,12,5,9,3,5,3,6,0,7,0,8,5,5
44550,Mount Barker,2018,0,0,0,0,10,9,7,3,6,13,0,0,3,28,8,0,7,15,3,0,3,7,0,0,0,5,0,0,5,17
44620,Mount Gambier,2018,7,54,3,57,6,39,19,37,19,38,33,17,12,41,41,27,6,25,27,19,0,13,7,6,0,5,3,0,2,4
44830,Mount Remarkable,2018,0,0,0,0,0,0,0,0,0,0,0,0,0,0,0,0,0,4,0,0,0,0,0,0,0,0,0,0,5,2
45040,Murray Bridge,2018,0,28,0,17,11,23,10,13,31,38,23,19,23,34,14,25,10,30,10,18,6,7,6,6,0,3,3,5,4,1
45090,Naracoorte and Lucindale,2018,0,7,0,4,0,0,0,3,4,5,3,0,0,0,0,0,0,0,0,0,0,0,0,0,0,0,0,0,15,8
45120,Northern Areas,2018,0,0,0,0,0,0,0,0,0,0,0,0,0,0,0,0,0,0,0,0,0,0,0,0,0,0,0,0,6,7
45290,Norwood Payneham St Peters,2018,0,3,5,11,5,9,0,0,8,8,5,7,5,13,7,5,6,5,10,4,0,8,3,4,0,0,0,0,8,10
45340,Onkaparinga,2018,57,161,46,151,114,190,78,156,116,141,69,65,71,150,43,56,51,108,40,27,18,33,15,21,4,9,5,11,3,1
45540,Peterborough,2018,0,0,0,0,0,0,0,0,0,0,0,0,0,0,0,0,0,0,0,0,0,0,0,0,0,0,0,0,4,4
45680,Playford,2018,47,147,52,123,73,138,53,73,167,196,84,48,87,222,54,39,49,92,43,22,18,35,20,14,5,16,5,5,4,3
45890,Port Adelaide Enfield,2018,49,136,46,125,77,117,50,98,123,143,65,56,93,166,53,52,40,99,50,70,16,41,40,31,10,26,13,16,1,4
46090,Port Augusta,2018,16,34,14,28,59,33,33,15,63,64,43,25,41,42,28,27,22,26,27,24,16,14,13,13,5,0,6,4,3,1
46300,Port Lincoln,2018,14,24,14,35,15,23,12,9,26,26,26,12,16,22,22,7,9,20,16,7,4,7,10,3,0,0,0,0,3,1
46450,Port Pirie City and Dists,2018,5,3,4,8,14,13,10,10,17,37,15,14,12,34,14,12,13,20,11,12,6,11,10,7,0,6,0,0,4,3
46510,Prospect,2018,3,3,0,0,3,3,3,3,6,4,4,3,10,5,3,0,4,0,3,4,0,0,0,0,0,0,0,0,6,11
46670,Renmark Paringa,2018,0,24,5,20,9,13,8,14,7,16,3,7,8,23,9,3,6,8,9,0,3,0,4,0,0,0,3,0,3,3
46860,Robe,2018,0,0,0,0,0,0,0,0,0,0,0,0,0,0,0,0,0,0,0,0,0,0,0,0,0,0,0,0,2,1
46970,Roxby Downs,2018,0,0,0,0,0,0,0,0,0,0,0,0,0,0,0,0,0,0,0,0,0,0,0,0,0,0,0,0,6,2
47140,Salisbury,2018,42,106,28,96,78,85,41,73,113,162,69,39,90,168,45,35,42,94,38,28,8,36,18,17,8,14,0,6,4,4
47290,Southern Mallee,2018,0,0,0,0,0,0,0,0,0,0,0,0,0,0,0,0,0,0,0,0,0,0,0,0,0,0,0,0,4,2
47490,Streaky Bay,2018,0,0,0,0,0,0,0,0,0,7,0,0,3,5,0,0,0,0,0,0,0,0,0,0,0,0,0,0,12,7
47630,Tatiara,2018,0,0,0,0,0,0,0,0,0,0,0,0,0,0,0,0,0,0,0,0,0,0,0,0,0,0,0,0,16,4
47700,Tea Tree Gully,2018,3,17,3,21,20,24,11,19,19,37,24,11,23,50,23,11,11,31,19,14,4,9,8,4,5,5,4,5,0,0
47800,The Coorong,2018,0,0,0,0,0,0,0,0,3,0,0,0,0,5,3,0,0,4,0,3,0,0,0,0,0,0,0,0,9,8
47910,Tumby Bay,2018,0,0,0,0,0,0,0,0,0,0,0,0,0,0,0,0,0,0,0,0,0,0,0,0,0,0,0,0,4,1
47980,Unley,2018,0,7,0,8,4,6,0,4,9,11,0,0,5,14,5,0,6,8,0,5,0,0,0,5,0,0,3,3,8,11
48050,Victor Harbor,2018,0,6,0,11,4,0,0,0,4,10,0,0,4,13,3,0,7,11,9,0,0,0,0,0,0,4,0,0,8,14
48130,Wakefield,2018,0,3,0,0,0,4,0,0,4,6,0,0,7,7,0,0,0,6,0,0,0,0,0,0,0,0,0,0,7,13
48260,Walkerville,2018,14,23,19,32,15,12,16,7,11,4,7,0,15,4,3,4,10,3,12,0,3,0,3,0,0,0,0,0,3,3
48340,Wattle Range,2018,0,4,0,4,5,9,3,3,4,10,4,0,0,8,0,0,6,7,4,0,0,0,0,0,0,3,0,0,5,6
48410,West Torrens,2018,9,19,12,24,18,17,6,16,15,30,12,8,15,27,14,14,8,21,13,15,4,12,4,10,3,13,4,5,3,1
48540,Whyalla,2018,0,3,6,5,12,30,13,15,25,49,14,16,21,33,10,10,10,21,12,3,3,10,4,0,0,6,0,0,8,8
48640,Wudinna,2018,0,0,0,0,0,0,0,0,0,0,0,0,0,0,0,0,0,0,0,0,0,0,0,0,0,0,0,0,0,1
48750,Yankalilla,2018,0,0,0,0,0,0,0,0,0,0,0,0,3,4,0,0,0,0,0,0,0,0,0,0,0,0,0,0,10,8
48830,Yorke Peninsula,2018,0,0,0,0,4,0,0,0,0,0,0,0,3,3,0,0,0,5,0,0,0,0,0,0,0,0,0,0,12,11
49399,Unincorporated SA,2018,0,0,0,0,0,0,0,0,0,4,0,0,0,4,0,0,0,0,0,0,0,0,0,0,0,0,0,0,13,4
50080,Albany,2018,7,33,7,36,15,29,8,14,22,42,15,5,17,61,10,0,17,40,5,5,5,14,4,3,0,8,0,3,3,5
50210,Armadale,2018,27,41,24,37,30,34,14,24,42,41,19,13,39,41,11,8,15,28,12,3,4,9,6,0,3,5,0,0,1,3
50250,Ashburton,2018,0,0,0,0,0,0,0,0,0,0,0,0,0,0,0,0,0,0,0,0,0,0,0,0,0,0,0,0,7,2
50280,Augusta-Margaret River,2018,0,0,0,3,0,3,0,0,0,0,0,0,0,4,0,0,0,7,0,0,0,4,0,0,0,0,4,0,10,7
50350,Bassendean,2018,4,5,3,3,8,5,3,4,8,7,4,0,5,9,3,0,3,4,4,0,0,0,0,0,0,0,0,0,4,9
50420,Bayswater,2018,16,22,23,19,19,21,11,8,19,26,7,9,20,36,15,5,14,17,10,8,7,7,12,10,0,4,0,7,4,3
50490,Belmont,2018,17,15,20,10,21,17,11,5,16,25,3,3,15,26,3,9,19,13,5,3,5,5,0,4,0,0,0,0,5,6
50560,Beverley,2018,0,0,0,0,0,0,0,0,0,0,0,0,0,0,0,0,0,0,0,0,0,0,0,0,0,0,0,0,8,2
50630,Boddington,2018,0,0,0,0,0,0,0,0,0,0,0,0,0,0,0,0,0,0,0,0,0,0,0,0,0,0,0,0,9,4
50770,Boyup Brook,2018,0,0,0,0,0,0,0,0,0,0,0,0,0,0,0,0,0,0,0,0,0,0,0,0,0,0,0,0,7,1
50840,Bridgetown-Greenbushes,2018,0,0,0,0,0,0,0,0,0,0,0,0,0,3,0,0,0,0,0,0,0,5,0,0,0,0,0,0,6,2
50910,Brookton,2018,0,0,0,0,0,0,0,0,0,0,0,0,0,0,0,0,0,0,0,0,0,0,0,0,0,0,0,0,5,0
50980,Broome,2018,14,65,13,55,9,66,0,23,34,72,9,21,21,53,10,10,24,35,12,10,3,22,18,11,4,7,7,5,4,3
51080,Broomehill-Tambellup,2018,0,0,0,0,0,0,0,0,0,3,0,0,0,0,0,0,0,0,0,0,0,0,0,0,0,0,0,0,1,4
51120,Bruce Rock,2018,0,0,0,0,0,0,0,0,0,0,0,0,0,0,0,0,0,0,0,0,0,0,0,0,0,0,0,0,6,2
51190,Bunbury,2018,18,19,25,18,24,20,27,14,47,66,25,22,45,76,21,24,25,53,19,12,4,29,10,7,0,13,3,3,4,2
51260,Busselton,2018,9,0,7,0,12,13,6,4,11,22,8,0,10,40,5,4,7,40,3,6,0,20,0,4,0,6,0,0,6,8
51310,Cambridge,2018,0,0,0,0,0,0,0,0,0,3,0,0,0,0,0,0,0,6,0,0,0,0,0,0,0,3,0,0,12,11
51330,Canning,2018,16,16,29,22,17,22,15,9,23,24,12,9,26,37,6,14,13,25,9,4,3,3,0,5,0,7,3,3,1,3
51400,Capel,2018,4,0,3,7,0,6,0,3,0,12,0,0,3,28,0,0,3,19,0,0,0,7,0,0,0,0,0,0,6,7
51470,Carnamah,2018,0,0,0,0,0,0,0,0,0,0,0,0,0,0,0,0,0,0,0,0,0,0,0,0,0,0,0,0,2,0
51540,Carnarvon,2018,3,17,3,20,0,10,0,5,0,34,0,0,3,22,0,4,0,19,0,0,0,12,0,3,0,5,0,3,3,5
51610,Chapman Valley,2018,0,0,0,0,0,0,0,0,0,0,0,0,0,0,0,0,0,0,0,0,0,0,0,0,0,0,0,0,5,1
51680,Chittering,2018,0,0,0,0,0,0,0,0,0,0,0,0,0,0,0,0,0,0,0,0,0,0,0,0,0,0,0,0,9,0
51750,Claremont,2018,0,0,0,0,0,0,0,0,0,0,0,3,0,0,0,0,0,3,0,0,0,0,0,0,0,0,0,0,7,6
51820,Cockburn,2018,18,39,17,32,28,22,13,10,35,77,14,20,30,87,23,33,20,84,13,36,13,58,5,34,0,34,5,40,7,0
51890,Collie,2018,0,0,3,0,4,3,0,0,0,3,3,0,6,9,0,0,0,5,0,0,0,3,0,0,0,3,0,0,4,12
51960,Coolgardie,2018,0,0,0,0,0,0,0,3,0,4,0,0,0,6,0,0,0,6,0,0,0,0,0,0,0,0,0,0,9,6
52030,Coorow,2018,0,0,0,0,0,0,0,0,0,0,0,0,0,0,0,0,0,0,0,0,0,0,0,0,0,0,0,0,0,2
52100,Corrigin,2018,0,0,0,0,0,0,0,0,0,0,0,0,0,0,0,0,0,0,0,0,0,0,0,0,0,0,0,0,1,1
52170,Cottesloe,2018,0,0,0,0,0,0,0,0,0,0,0,0,0,0,0,0,0,0,0,0,0,0,0,0,0,0,0,0,5,3
52240,Cranbrook,2018,0,0,0,0,0,0,0,0,0,0,0,0,0,0,0,0,0,0,0,0,0,0,0,0,0,0,0,0,0,2
52310,Cuballing,2018,0,0,0,0,0,0,0,0,0,0,0,0,0,0,0,0,0,0,0,0,0,0,0,0,0,0,0,0,4,1
52380,Cue,2018,0,0,0,0,0,0,0,0,0,0,0,0,0,0,0,0,0,0,0,0,0,0,0,0,0,0,0,0,4,3
52450,Cunderdin,2018,0,0,0,0,0,0,0,0,0,0,0,0,0,0,0,0,0,0,0,0,0,0,0,0,0,0,0,0,6,3
52520,Dalwallinu,2018,0,0,0,0,0,0,0,0,0,0,0,0,0,0,0,0,0,0,0,0,0,0,0,0,0,0,0,0,8,0
52590,Dandaragan,2018,0,0,0,0,0,0,0,0,0,0,0,0,0,0,0,0,0,0,0,0,0,0,0,0,0,0,0,0,2,0
52660,Dardanup,2018,0,0,0,0,4,3,0,0,5,13,0,0,3,14,0,0,0,6,0,0,0,0,0,0,0,0,0,0,9,10
52730,Denmark,2018,0,0,0,0,0,0,0,0,0,0,0,0,0,4,0,0,0,5,0,0,0,0,0,0,0,0,0,0,6,4
52800,Derby-West Kimberley,2018,36,168,28,163,20,107,9,51,24,151,11,41,20,143,4,46,11,92,7,23,6,56,3,28,0,40,3,18,5,0
52870,Donnybrook-Balingup,2018,0,0,0,0,0,0,0,0,0,3,0,0,0,7,0,0,0,4,0,0,0,3,0,0,0,0,0,0,2,1
52940,Dowerin,2018,0,0,0,0,0,0,0,0,0,0,0,0,0,0,0,0,0,0,0,0,0,0,0,0,0,0,0,0,1,1
53010,Dumbleyung,2018,0,0,0,0,0,0,0,0,0,0,0,0,0,0,0,0,0,0,0,0,0,0,0,0,0,0,0,0,0,1
53080,Dundas,2018,0,0,0,0,0,0,0,0,0,0,0,0,0,0,0,0,0,0,0,0,0,0,0,0,0,0,0,0,4,2
53150,East Fremantle,2018,0,0,0,0,0,0,0,0,0,0,0,6,0,4,0,5,0,5,3,10,0,5,0,3,0,0,0,0,3,8
53220,East Pilbara,2018,4,11,3,17,0,11,0,0,10,23,0,10,9,31,3,5,4,24,5,7,0,9,0,4,0,6,0,3,4,6
53290,Esperance,2018,16,15,10,15,11,3,8,0,15,11,11,4,4,12,7,0,7,8,8,0,0,4,3,5,0,0,0,0,9,9
53360,Exmouth,2018,0,0,0,0,0,0,0,0,0,0,0,0,0,0,0,0,0,0,0,0,0,0,0,0,0,0,0,0,6,0
53430,Fremantle,2018,5,8,6,10,14,6,5,0,36,27,39,19,36,46,76,35,38,35,106,52,16,41,66,66,4,38,21,33,1,6
53570,Gingin,2018,0,0,0,0,0,0,0,0,0,0,0,0,0,0,0,0,0,3,0,0,0,0,0,0,0,0,0,0,4,0
53640,Gnowangerup,2018,0,0,0,0,0,0,0,0,0,3,0,0,0,0,0,0,0,0,0,0,0,0,0,0,0,0,0,0,3,2
53710,Goomalling,2018,0,0,0,0,0,0,0,0,0,0,0,0,0,0,0,0,0,0,0,0,0,0,0,0,0,0,0,0,0,2
53780,Gosnells,2018,42,46,41,66,37,53,31,54,49,63,16,16,45,80,18,23,35,46,9,14,4,16,5,6,0,5,0,5,1,4
53800,Greater Geraldton,2018,20,41,32,53,37,33,24,14,36,78,15,11,43,77,14,15,27,38,17,9,8,8,9,4,4,0,0,4,4,6
53920,Halls Creek,2018,3,35,5,39,3,18,0,5,12,24,0,5,14,25,0,6,11,13,0,4,4,11,0,0,0,6,0,7,2,3
53990,Harvey,2018,3,4,0,0,6,4,8,5,10,13,0,3,11,25,0,0,3,13,0,0,0,10,0,0,0,3,0,0,2,9
54060,Irwin,2018,0,0,0,0,0,0,0,0,0,0,0,0,0,0,0,0,0,3,0,0,0,0,0,0,0,0,0,0,2,3
54130,Jerramungup,2018,0,0,0,0,0,0,0,0,0,0,0,0,0,0,0,0,0,0,0,0,0,0,0,0,0,0,0,0,6,3
54170,Joondalup,2018,10,10,12,13,14,14,22,14,16,17,12,6,14,45,12,4,11,29,5,6,5,7,0,0,0,8,0,0,2,4
54200,Kalamunda,2018,7,6,9,9,8,10,8,8,6,12,4,0,14,9,0,0,6,6,3,0,3,0,0,0,0,3,0,0,3,10
54280,Kalgoorlie/Boulder,2018,18,22,21,33,15,38,15,26,35,36,18,15,49,52,19,9,31,26,25,6,11,10,12,8,0,3,6,4,5,6
54310,Karratha,2018,14,43,11,38,12,21,4,16,15,31,7,4,8,30,0,4,9,15,0,3,0,7,0,0,0,3,0,0,6,7
54340,Katanning,2018,3,6,4,6,8,5,4,4,4,11,3,0,4,12,3,3,5,7,0,3,0,3,0,0,0,4,0,0,3,2
54410,Kellerberrin,2018,0,0,0,0,0,0,0,0,0,0,0,0,0,0,0,0,0,0,0,0,0,0,0,0,0,0,0,0,4,2
54480,Kent,2018,0,0,0,0,0,0,0,0,0,0,0,0,0,0,0,0,0,0,0,0,0,0,0,0,0,0,0,0,4,2
54550,Kojonup,2018,0,0,0,0,0,0,0,0,0,0,0,0,0,0,0,0,0,0,0,0,0,0,0,0,0,0,0,0,8,1
54620,Kondinin,2018,0,0,0,0,0,0,0,0,0,0,0,0,0,0,0,0,0,0,0,0,0,0,0,0,0,0,0,0,2,0
54690,Koorda,2018,0,0,0,0,0,0,0,0,0,0,0,0,0,0,0,0,0,0,0,0,0,0,0,0,0,0,0,0,2,0
54760,Kulin,2018,0,0,0,0,0,0,0,0,0,0,0,0,0,0,0,0,0,0,0,0,0,0,0,0,0,0,0,0,1,1
54830,Kwinana,2018,14,18,18,19,17,29,15,30,15,41,5,7,10,41,7,13,6,35,7,14,0,12,3,6,0,9,0,0,4,3
54900,Lake Grace,2018,0,0,0,0,0,0,0,0,0,0,0,0,0,0,0,0,0,0,0,0,0,0,0,0,0,0,0,0,2,0
54970,Laverton,2018,0,0,0,0,5,0,7,0,9,3,9,0,11,0,15,0,12,3,14,0,5,0,5,0,3,0,0,0,8,9
55040,Leonora,2018,4,0,0,0,0,0,10,0,13,0,9,0,12,0,21,0,23,0,21,0,8,0,13,0,9,0,0,0,13,6
55110,Mandurah,2018,37,153,32,162,33,134,18,203,28,101,16,19,31,132,17,28,26,91,13,34,8,45,9,15,0,21,4,7,2,0
55180,Manjimup,2018,0,5,0,3,0,0,0,0,0,0,0,0,4,0,4,0,0,0,0,0,0,4,0,0,0,0,0,0,14,10
55250,Meekatharra,2018,0,0,0,0,0,0,0,0,0,3,0,0,0,5,0,0,0,0,0,0,0,0,0,0,0,0,0,0,13,7
55320,Melville,2018,7,17,11,18,11,11,5,14,12,31,9,10,11,39,8,25,11,35,7,31,4,37,5,10,0,16,3,15,4,0
55390,Menzies,2018,0,0,0,0,0,0,4,0,5,0,6,0,6,0,5,0,3,0,4,0,8,0,0,0,0,0,0,0,8,4
55460,Merredin,2018,0,0,0,0,0,0,0,0,0,3,0,0,0,0,0,0,0,3,0,0,0,0,0,0,0,0,0,0,7,5
55600,Moora,2018,0,0,0,0,0,0,0,0,0,0,0,0,0,0,0,0,0,3,0,0,0,0,0,0,0,0,0,0,5,2
55670,Morawa,2018,0,0,0,0,0,0,0,0,0,0,0,0,0,0,0,0,0,0,0,0,0,0,0,0,0,0,0,0,4,0
55740,Mosman Park,2018,0,0,0,0,0,0,0,0,0,6,0,0,0,6,0,6,0,8,0,8,0,6,0,9,0,0,0,4,10,4
55810,Mount Magnet,2018,0,0,0,0,0,0,0,0,0,0,0,0,3,0,0,0,0,0,0,0,0,0,0,0,0,0,0,0,5,3
55880,Mount Marshall,2018,0,0,0,0,0,0,0,0,0,0,0,0,0,0,0,0,0,0,0,0,0,0,0,0,0,0,0,0,1,1
55950,Mukinbudin,2018,0,0,0,0,0,0,0,0,0,0,0,0,0,0,0,0,0,0,0,0,0,0,0,0,0,0,0,0,2,1
56090,Mundaring,2018,8,4,7,8,10,8,7,0,9,8,3,9,6,6,5,13,5,7,3,12,0,0,0,5,0,0,0,0,7,8
56160,Murchison,2018,0,0,0,0,0,0,0,0,0,0,0,0,0,0,0,0,0,0,0,0,0,0,0,0,0,0,0,0,4,3
56230,Murray,2018,5,22,3,26,0,27,0,26,5,18,3,3,6,22,0,0,0,17,0,3,0,4,0,0,0,4,0,0,6,10
56300,Nannup,2018,0,0,0,0,0,0,0,0,0,0,0,0,0,0,0,0,0,0,0,0,0,0,0,0,0,0,0,0,0,1
56370,Narembeen,2018,0,0,0,0,0,0,0,0,0,0,0,0,0,0,0,0,0,0,0,0,0,0,0,0,0,0,0,0,6,3
56460,Narrogin,2018,17,11,13,13,7,8,3,4,13,3,0,0,12,11,0,0,8,6,0,0,0,4,0,0,0,0,0,0,3,4
56580,Nedlands,2018,0,0,0,0,0,0,0,0,0,0,0,0,0,0,0,4,0,4,0,0,0,3,0,0,0,0,0,0,7,9
56620,Ngaanyatjarraku,2018,5,0,3,3,6,0,9,0,19,0,11,0,15,0,15,0,20,0,16,0,12,0,9,0,5,0,5,0,12,4
56730,Northam,2018,7,9,21,8,6,10,8,10,17,13,9,7,10,13,9,6,8,15,5,4,3,8,0,0,0,4,0,0,1,7
56790,Northampton,2018,0,0,0,0,0,0,0,0,0,3,0,0,0,5,0,0,0,0,0,0,0,0,0,0,0,0,0,0,8,2
56860,Nungarin,2018,0,0,0,0,0,0,0,0,0,0,0,0,0,0,0,0,0,0,0,0,0,0,0,0,0,0,0,0,1,0
56930,Peppermint Grove,2018,0,0,0,0,0,0,0,0,0,0,0,0,0,0,0,0,0,0,0,0,0,0,0,0,0,0,0,0,3,2
57000,Perenjori,2018,0,0,0,0,0,0,0,0,0,0,0,0,0,0,0,0,0,0,0,0,0,0,0,0,0,0,0,0,2,1
57080,Perth,2018,20,11,23,10,23,11,16,0,55,17,69,12,69,26,123,19,58,14,110,23,16,13,59,14,9,14,16,12,4,8
57140,Pingelly,2018,0,0,0,0,0,0,0,0,0,0,0,0,0,0,0,0,0,0,0,0,0,0,0,0,0,0,0,0,5,2
57210,Plantagenet,2018,0,3,0,5,0,4,0,6,0,4,0,0,4,4,0,0,0,4,0,0,0,0,0,0,0,0,0,0,4,1
57280,Port Hedland,2018,6,11,7,12,5,16,3,15,13,25,0,7,9,30,0,4,5,24,3,0,3,19,0,3,0,0,0,0,11,4
57350,Quairading,2018,0,0,0,0,0,0,0,0,0,0,0,0,0,0,0,0,0,0,0,0,0,0,0,0,0,0,0,0,3,0
57420,Ravensthorpe,2018,0,0,0,0,0,0,0,0,0,0,0,0,0,0,0,0,0,0,0,0,0,0,0,0,0,0,0,0,1,4
57490,Rockingham,2018,32,49,17,69,29,40,29,28,31,75,12,24,38,111,12,32,23,78,10,17,8,27,6,14,3,16,4,9,4,0
57630,Sandstone,2018,0,0,0,0,0,0,0,0,0,0,0,0,0,0,0,0,0,0,0,0,0,0,0,0,0,0,0,0,1,0
57700,Serpentine-Jarrahdale,2018,8,5,4,14,0,5,0,0,6,4,0,4,3,11,5,0,0,9,0,0,0,0,0,0,0,0,0,0,6,10
57770,Shark Bay,2018,0,0,0,0,0,0,0,0,0,0,0,0,0,0,0,0,0,0,0,0,0,0,0,0,0,0,0,0,1,0
57840,South Perth,2018,4,5,5,4,7,4,4,0,3,7,3,3,10,5,0,5,5,14,3,0,0,0,0,3,0,0,0,0,5,7
57910,Stirling,2018,40,53,32,53,55,55,24,34,62,82,21,15,54,91,28,33,29,75,17,21,9,22,7,9,5,15,3,7,2,1
57980,Subiaco,2018,0,3,0,0,0,0,0,0,4,6,0,0,0,3,0,0,4,3,5,0,0,0,0,0,0,0,0,0,2,8
58050,Swan,2018,36,39,39,39,52,41,27,35,50,51,15,7,37,77,20,10,28,42,17,15,7,9,5,3,5,7,0,4,1,2
58190,Tammin,2018,0,0,0,0,0,0,0,0,0,0,0,0,0,0,0,0,0,0,0,0,0,0,0,0,0,0,0,0,5,2
58260,Three Springs,2018,0,0,0,0,0,0,0,0,0,0,0,0,0,0,0,0,0,0,0,0,0,0,0,0,0,0,0,0,1,2
58330,Toodyay,2018,0,0,0,0,0,0,0,0,0,0,0,0,3,3,0,0,0,0,0,0,0,0,0,0,0,0,0,0,10,5
58400,Trayning,2018,0,0,0,0,0,0,0,0,0,0,0,0,0,0,0,0,0,0,0,0,0,0,0,0,0,0,0,0,2,0
58510,Victoria Park,2018,10,6,7,6,9,11,12,10,15,11,10,4,12,16,5,4,7,9,5,0,4,3,3,6,0,0,0,0,3,4
58540,Victoria Plains,2018,0,0,0,0,0,0,0,0,0,0,0,0,0,0,0,0,0,3,0,0,0,0,0,0,0,0,0,0,3,0
58570,Vincent,2018,12,7,15,8,13,17,7,6,36,16,29,7,41,20,60,17,44,15,66,18,15,8,29,10,5,16,13,6,2,0
58610,Wagin,2018,0,0,0,0,0,0,0,0,0,0,0,0,0,0,0,0,0,0,0,0,0,0,0,0,0,0,0,0,2,4
58680,Wandering,2018,0,0,0,0,0,0,0,0,0,0,0,0,0,0,0,0,0,0,0,0,0,0,0,0,0,0,0,0,2,2
58760,Wanneroo,2018,40,41,37,52,28,26,11,31,47,78,9,6,39,115,8,14,17,59,10,17,3,19,4,6,0,8,0,5,3,2
58820,Waroona,2018,0,0,0,0,8,0,3,0,0,0,0,0,8,0,4,0,0,0,0,0,0,0,0,0,0,0,0,0,10,4
58890,West Arthur,2018,0,0,0,0,0,0,0,0,0,0,0,0,0,0,0,0,0,0,0,0,0,0,0,0,0,0,0,0,2,1
59030,Westonia,2018,0,0,0,0,0,0,0,0,0,0,0,0,0,0,0,0,0,0,0,0,0,0,0,0,0,0,0,0,1,1
59100,Wickepin,2018,0,0,0,0,0,0,0,0,0,0,0,0,0,0,0,0,0,0,0,0,0,0,0,0,0,0,0,0,2,0
59170,Williams,2018,0,0,0,0,0,0,0,0,0,0,0,0,0,0,0,0,0,0,0,0,0,0,0,0,0,0,0,0,2,1
59250,Wiluna,2018,0,0,0,0,0,0,0,0,0,0,0,0,0,0,0,0,0,0,0,0,0,0,0,0,0,0,0,0,8,8
59310,Wongan-Ballidu,2018,0,0,0,0,0,0,0,0,0,0,0,0,0,0,0,0,0,0,0,0,0,0,0,0,0,0,0,0,3,2
59320,Woodanilling,2018,0,0,0,0,0,0,0,0,0,0,0,0,0,0,0,0,0,0,0,0,0,0,0,0,0,0,0,0,12,3
59330,Wyalkatchem,2018,0,0,0,0,0,0,0,0,0,0,0,0,0,0,0,0,0,0,0,0,0,0,0,0,0,0,0,0,2,1
59340,Wyndham-East Kimberley,2018,15,35,9,46,8,23,0,9,12,52,0,6,15,52,0,0,0,31,0,7,7,14,0,6,0,13,0,0,8,9
59350,Yalgoo,2018,0,0,0,0,0,0,0,0,0,0,0,0,0,0,0,0,0,0,0,0,0,0,0,0,0,0,0,0,6,2
59360,Yilgarn,2018,0,0,0,0,0,0,0,0,0,0,0,0,0,0,0,0,0,0,0,0,0,0,0,0,0,0,0,0,4,1
59370,York,2018,0,0,0,0,0,0,0,0,0,0,0,0,0,0,0,0,0,0,0,0,0,0,0,0,0,3,0,0,11,4
60210,Break O'Day,2018,0,0,0,0,3,0,0,0,6,0,0,0,3,0,4,0,0,0,4,0,3,0,0,0,0,0,3,0,11,9
60410,Brighton,2018,14,12,17,21,27,16,12,9,29,24,16,10,15,30,15,0,13,16,9,8,3,0,0,0,0,7,0,0,4,7
60610,Burnie,2018,11,7,22,8,37,18,29,6,14,16,25,9,20,9,12,16,11,10,14,9,6,9,9,0,0,0,4,4,4,4
60810,Central Coast,2018,9,7,19,9,15,4,11,5,10,10,9,0,14,8,7,8,7,4,5,3,0,4,3,3,0,4,0,5,4,3
61010,Central Highlands,2018,5,0,0,0,0,0,0,0,3,3,0,0,0,0,0,0,0,0,0,0,0,0,0,0,0,0,0,0,5,9
61210,Circular Head,2018,0,0,0,0,5,0,4,0,0,8,0,3,4,7,0,5,0,6,0,0,0,0,0,0,0,7,0,4,4,9
61410,Clarence,2018,16,17,18,24,28,20,27,12,37,33,22,47,33,25,30,45,19,29,25,26,12,10,13,10,0,9,7,11,6,3
61510,Derwent Valley,2018,0,0,5,4,10,0,7,3,11,3,3,3,7,9,7,9,4,3,10,7,0,5,0,0,0,5,0,3,8,5
61610,Devonport,2018,27,9,16,12,30,17,25,9,31,21,28,7,22,16,27,6,12,10,15,11,4,7,5,6,0,6,3,0,2,5
61810,Dorset,2018,4,0,0,0,0,0,0,0,4,4,7,0,0,4,0,0,0,0,0,3,0,0,0,0,0,0,0,0,6,12
62010,Flinders,2018,0,0,0,0,0,0,0,0,0,0,0,0,0,0,0,0,0,0,0,0,0,0,0,0,0,0,0,0,4,3
62210,George Town,2018,0,7,0,5,4,3,0,3,8,7,9,0,7,15,0,8,4,6,6,7,0,9,0,4,0,4,0,4,3,8
62410,Glamorgan/Spring Bay,2018,0,0,0,0,0,0,0,0,0,0,0,0,0,0,0,0,0,0,0,0,0,0,0,0,0,0,0,0,10,8
62610,Glenorchy,2018,25,39,24,23,34,40,35,29,58,58,33,21,35,54,41,29,24,35,30,22,9,24,8,12,4,14,3,14,2,1
62810,Hobart,2018,16,12,27,6,53,23,36,16,33,30,48,28,39,39,57,19,25,27,46,36,10,18,32,21,6,9,13,15,1,9
63010,Huon Valley,2018,0,4,4,3,5,8,0,8,6,4,5,0,0,8,4,3,6,10,4,0,0,0,0,0,0,6,0,0,11,9
63210,Kentish,2018,0,0,0,0,0,0,0,0,0,0,0,0,0,0,0,0,0,3,3,0,0,0,0,0,0,0,0,0,14,9
63410,King Island,2018,0,0,0,0,0,0,0,0,0,0,0,0,0,0,0,0,0,0,0,0,0,0,0,0,0,0,0,0,1,0
63610,Kingborough,2018,12,3,8,4,18,4,3,10,14,6,12,8,11,6,0,5,12,10,8,0,0,7,6,5,0,5,3,0,6,6
63810,Latrobe,2018,0,0,4,3,0,5,0,0,7,0,0,0,9,0,0,0,0,3,3,0,3,0,0,3,0,0,0,0,13,4
64010,Launceston,2018,31,35,41,20,77,61,50,42,80,92,83,44,55,80,61,53,50,58,53,49,19,30,30,37,10,24,12,28,2,3
64210,Meander Valley,2018,0,0,3,0,6,5,5,6,7,3,0,0,0,6,0,4,7,9,0,0,0,7,0,0,0,0,0,4,9,16
64610,Northern Midlands,2018,5,0,5,0,7,9,3,0,11,8,6,0,9,6,0,0,5,13,0,6,3,0,0,5,0,4,0,0,6,15
64810,Sorell,2018,4,3,3,0,8,5,6,5,6,9,5,0,7,8,4,3,0,8,3,0,0,3,0,0,0,0,3,0,4,7
65010,Southern Midlands,2018,0,3,0,0,5,3,0,3,0,0,0,0,3,5,3,0,0,0,4,0,0,0,0,0,0,0,0,0,10,8
65210,Tasman,2018,0,0,0,0,0,0,0,0,0,0,0,0,0,0,0,3,0,0,0,0,0,0,0,0,0,0,0,0,9,5
65410,Waratah/Wynyard,2018,6,4,0,7,12,3,3,7,7,8,6,0,4,12,4,0,3,3,4,3,3,4,0,0,0,0,0,0,4,9
65610,West Coast,2018,0,0,0,0,3,0,0,0,0,0,0,0,0,3,0,0,0,0,0,0,0,0,5,0,0,0,0,0,7,11
65810,West Tamar,2018,0,3,0,0,8,5,11,3,6,11,7,5,5,14,0,0,4,11,7,5,4,5,3,3,0,5,4,3,4,5
70200,Alice Springs,2018,52,225,61,230,61,218,47,144,55,239,46,51,57,230,36,46,40,189,40,53,33,81,33,44,5,53,13,31,3,0
70420,Barkly,2018,44,38,48,46,25,35,6,33,74,44,11,3,51,39,10,6,32,36,11,0,17,17,5,4,10,13,0,8,1,5
70540,Belyuen,2018,0,0,0,0,0,0,0,0,0,0,0,0,0,0,0,0,0,0,0,0,0,0,0,0,0,0,0,0,5,0
70620,Central Desert,2018,0,18,0,23,0,22,0,8,0,21,0,0,5,22,4,0,4,11,0,0,0,5,0,0,0,0,0,0,6,5
70700,Coomalie,2018,0,0,0,0,0,0,0,0,0,0,0,0,0,0,0,0,0,0,0,0,0,0,0,0,0,0,0,0,7,2
71000,Darwin,2018,69,146,57,163,67,120,53,106,61,117,25,26,78,129,38,23,63,87,54,30,30,34,55,32,6,21,25,23,2,3
71300,East Arnhem,2018,10,12,10,9,8,10,0,4,14,16,0,0,21,22,6,0,13,21,3,0,5,6,4,0,4,7,0,0,2,7
72200,Katherine,2018,28,67,29,81,33,89,15,58,26,78,13,18,26,66,21,42,31,64,27,31,16,23,17,22,8,23,12,18,1,4
72300,Litchfield,2018,4,27,5,17,6,12,0,9,8,16,0,13,9,22,4,43,0,15,5,23,0,3,4,11,0,3,6,5,5,6
72330,MacDonnell,2018,0,23,4,31,3,16,0,5,4,42,4,0,8,29,8,0,3,15,4,0,0,4,0,0,0,0,0,0,4,8
72800,Palmerston,2018,18,74,14,64,20,59,11,50,31,65,12,15,32,59,5,15,12,31,8,16,7,19,0,6,3,8,0,11,2,1
73600,Roper Gulf,2018,4,18,0,16,5,13,0,3,5,33,0,0,5,27,3,0,4,10,3,0,0,3,3,0,0,0,0,0,4,9
74050,Tiwi Islands,2018,0,3,0,0,0,9,0,3,0,6,0,0,3,3,7,0,8,8,4,0,5,3,3,0,0,6,0,0,1,5
74550,Victoria Daly,2018,0,10,0,16,0,15,0,9,3,9,0,0,0,10,0,0,0,4,0,0,0,0,0,0,0,0,0,0,11,11
74560,Wagait,2018,0,0,0,0,0,0,0,0,0,0,0,0,0,0,0,0,0,0,0,0,0,0,0,0,0,0,0,0,1,2
74660,West Arnhem,2018,4,9,0,8,5,7,0,0,3,16,0,3,0,14,3,0,0,4,0,0,3,5,0,0,0,0,0,0,7,9
74680,West Daly,2018,0,37,5,31,5,25,0,5,7,51,0,0,0,30,0,0,5,27,0,0,4,12,0,0,0,11,0,0,6,6
79399,Unincorporated NT,2018,10,13,11,15,5,11,4,7,10,14,3,0,8,18,7,0,9,13,9,3,5,9,4,4,0,6,0,6,3,6
89399,Unincorporated ACT,2018,166,111,184,156,152,144,119,108,173,290,81,96,103,268,75,129,59,162,71,116,28,90,25,76,8,38,13,45,6,2
99399,Unincorp. Other Territories,2018,0,0,0,0,0,0,0,0,0,0,0,0,0,0,0,0,0,0,0,0,0,0,0,0,0,0,0,0,1,1
